{
    "global": {
        "accuracy": 0.7776965265082267,
        "f1_macro_avg": 0.7429674136205913
    },
    "classe_0_benin": {
        "precision": 0.8028193079880394,
        "recall": 0.8751979137561703,
        "f1-score": 0.8374476428125835
    },
    "classe_1_grave": {
        "precision": 0.7151965993623804,
        "recall": 0.5931605852282743,
        "f1-score": 0.648487184428599
    }
}